{"cameraMode":{"drawMode":0,"name":"Shaded","section":"Shading Mode"},"sceneLighting":true,"audioPlay":false,"sceneViewState":{"showFog":true,"showMaterialUpdate":false,"showSkybox":true,"showFlares":true,"showImageEffects":true,"showParticleSystems":true},"in2DMode":false,"pivot":{"x":3.77720308303833,"y":1.3824660778045655,"z":-6.201748371124268},"rotation":{"x":-0.042544249445199969,"y":0.7649598717689514,"z":-0.05079860985279083,"w":-0.6406623125076294},"size":3.875473976135254,"orthographic":true}